{
    "students": [
        {
            "firstName": "Boss",
            "lastName": "King"
        },
        {
            "firstName": "Siva",
            "lastName": "Raj"
        },
        {
            "firstName": "suresh",
            "lastName": "kumar"
        }
    ],
    "teachers": [
        {
            "firstName": "Kumar",
            "lastName": "Samy"
        },
        {
            "firstName": "Dinesh",
            "lastName": "Kumar"
        }
    ]
}